Table 6,,,,,,,,,,,,,
MICHIGAN,,,,,,,,,,,,,
Offenses Known to Law Enforcement,,,,, ,,,,,,,,
"by City, 2016",,,,,,,,,,,,,
City,Population,"Violent
crime","Murder and
nonnegligent
manslaughter","Rape
(revised
definition1)","Rape
(legacy
definition2)",Robbery,"Aggravated
assault","Property
crime",Burglary,"Larceny-
theft","Motor
vehicle
theft",Arson,
Addison Township,"6,532",5,0,1,,0,4,53,15,36,2,0,
Akron,391,3,0,3,,0,0,5,2,3,0,0,
Albion,"8,155",101,2,18,,12,69,280,78,190,12,6,
Allegan,"5,086",16,0,7,,1,8,62,4,56,2,0,
Allen Park,"27,284",53,0,6,,10,37,500,55,367,78,5,
Alma,"9,159",18,1,6,,0,11,147,12,133,2,3,
Almont,"2,734",15,0,1,,1,13,53,18,32,3,0,
Alpena,"10,119",29,0,16,,2,11,212,26,179,7,2,
Ann Arbor,"117,688",213,1,44,,43,125,"2,051",242,"1,697",112,10,
Argentine Township,"6,591",15,0,3,,0,12,26,12,13,1,1,
Armada,"1,747",0,0,0,,0,0,4,0,4,0,1,
Auburn Hills,"22,933",62,0,11,,15,36,661,51,578,32,4,
Au Gres,853,0,0,0,,0,0,5,0,5,0,0,
Bad Axe,"2,989",5,0,4,,0,1,83,6,77,0,0,
Bancroft,518,0,0,0,,0,0,3,1,2,0,0,
Bangor,"1,843",7,0,2,,0,5,32,7,25,0,0,
Baroda-Lake Township,"3,774",7,0,0,,2,5,24,6,17,1,0,
Barryton,357,0,0,0,,0,0,4,1,3,0,0,
Barry Township,"3,413",3,0,0,,0,3,18,1,16,1,0,
Bath Township,"12,552",11,0,5,,3,3,172,49,109,14,0,
Battle Creek,"60,904",594,3,83,,64,444,"2,325",607,"1,629",89,15,
Bay City,"33,725",205,1,50,,25,129,925,291,600,34,10,
Beaverton,"1,044",6,0,1,,0,5,18,2,12,4,0,
Belding,"5,772",16,0,5,,0,11,48,12,34,2,1,
Bellaire,"1,062",0,0,0,,0,0,10,0,10,0,0,
Belleville,"3,860",6,0,5,,0,1,90,15,65,10,0,
Bellevue,"1,277",0,0,0,,0,0,1,1,0,0,0,
Benton Harbor,"9,963",179,1,15,,41,122,438,137,258,43,5,
Benton Township,"14,413",159,1,25,,25,108,"1,094",155,901,38,8,
Berkley,"15,328",12,0,4,,2,6,89,11,75,3,0,
Berrien Springs-Oronoko Township,"9,085",17,0,6,,0,11,115,26,87,2,0,
Beverly Hills,"10,455",3,1,0,,0,2,80,10,65,5,0,
Big Rapids,"10,389",32,0,8,,3,21,157,17,133,7,2,
Birch Run,"1,465",2,0,0,,0,2,83,0,78,5,0,
Birmingham,"21,012",9,0,1,,4,4,242,19,215,8,1,
Blackman Township,"37,522",102,1,23,,20,58,"1,040",140,861,39,5,
Blissfield,"3,239",4,0,1,,0,3,25,1,24,0,0,
Bloomfield Hills,"4,031",4,0,0,,0,4,35,8,26,1,0,
Bloomfield Township,"42,313",20,0,3,,3,14,421,65,338,18,1,
Boyne City,"3,785",6,1,2,,1,2,40,5,34,1,0,
Brandon Township,"15,692",18,0,2,,0,16,51,16,33,2,1,
Breckenridge,"1,301",2,0,0,,0,2,25,1,24,0,0,
Bridgeport Township,"9,993",48,0,6,,3,39,179,55,118,6,1,
Bridgman,"2,251",3,0,2,,0,1,6,1,5,0,0,
Brighton,"7,643",8,0,1,,2,5,131,13,116,2,1,
Bronson,"2,333",8,0,1,,1,6,33,5,26,2,0,
Brown City,"1,264",2,0,0,,0,2,17,2,15,0,0,
Brownstown Township,"30,864",61,0,18,,4,39,342,63,225,54,1,
Buchanan,"4,344",22,0,5,,2,15,132,21,110,1,0,
Buena Vista Township,"8,158",89,4,12,,5,68,197,78,111,8,2,
Burton,"28,563",105,2,22,,19,62,762,120,607,35,5,
Cadillac,"10,372",38,0,6,,2,30,322,50,262,10,2,
Calumet,698,1,0,0,,0,1,4,1,2,1,0,
Cambridge Township,"5,645",4,0,1,,0,3,16,6,10,0,0,
Canton Township,"89,861",152,0,21,,23,108,"1,032",79,904,49,6,
Capac,"1,842",7,0,3,,0,4,37,6,31,0,0,
Carleton,"2,335",7,0,1,,0,6,24,6,17,1,1,
Caro,"4,074",26,0,8,,2,16,135,15,118,2,0,
Carrollton Township,"5,781",8,0,1,,1,6,53,12,38,3,0,
Carson City,"1,090",3,0,0,,1,2,15,1,14,0,0,
Caseville,738,2,0,1,,0,1,12,1,11,0,1,
Caspian-Gaastra,"1,190",1,0,0,,0,1,2,1,1,0,0,
Cass City,"2,343",10,0,2,,0,8,66,6,58,2,0,
Cassopolis,"1,721",10,0,3,,1,6,31,10,21,0,1,
Center Line,"8,332",40,0,5,,11,24,196,30,121,45,0,
Central Lake,932,1,0,1,,0,0,10,0,10,0,0,
Charlevoix,"2,546",7,0,5,,0,2,81,9,69,3,1,
Charlotte,"9,051",29,1,11,,0,17,206,26,169,11,0,
Cheboygan,"4,709",13,0,6,,1,6,154,10,143,1,1,
Chelsea,"5,254",3,0,1,,1,1,56,5,49,2,0,
Chesaning,"2,268",1,0,0,,0,1,12,3,9,0,0,
Chesterfield Township,"44,963",93,0,17,,5,71,781,100,642,39,6,
Chikaming Township,"3,090",8,0,3,,1,4,65,23,40,2,0,
Chocolay Township,"5,952",13,0,3,,0,10,37,2,33,2,0,
Clare,"3,071",6,0,3,,1,2,48,2,46,0,1,
Clarkston,896,0,0,0,,0,0,9,4,4,1,0,
Clawson,"12,053",11,0,3,,1,7,74,14,58,2,0,
Clayton Township,"7,156",20,0,7,,1,12,37,8,24,5,0,
Clay Township,"8,844",26,0,5,,1,20,120,33,87,0,1,
Clinton,"2,260",2,0,2,,0,0,15,4,9,2,0,
Clinton Township,"100,514",326,3,42,,36,245,"1,686",284,"1,277",125,9,
Clio,"2,516",5,0,0,,1,4,34,7,27,0,0,
Coldwater,"10,827",42,0,16,,4,22,328,28,293,7,1,
Coleman,"1,198",1,0,0,,0,1,12,3,9,0,1,
Coloma Township,"6,388",22,1,5,,4,12,145,49,94,2,0,
Colon,"1,156",2,0,0,,0,2,26,2,23,1,0,
Columbia Township,"7,424",9,0,1,,1,7,43,7,33,3,1,
Commerce Township,"38,218",18,0,2,,6,10,358,36,312,10,1,
Constantine,"2,062",6,0,1,,0,5,50,8,39,3,0,
Corunna,"3,386",11,0,3,,0,8,26,8,17,1,0,
Covert Township,"2,824",16,0,2,,0,14,59,19,38,2,1,
Croswell,"2,318",19,0,3,,3,13,62,11,48,3,0,
Crystal Falls,"1,404",4,0,3,,0,1,17,4,9,4,0,
Davison,"4,927",4,0,2,,0,2,64,6,54,4,0,
Davison Township,"19,029",22,1,6,,1,14,247,82,159,6,3,
Dearborn,"94,646",348,1,30,,80,237,"2,791",297,"2,167",327,5,
Dearborn Heights,"55,852",207,5,16,,47,139,"1,080",244,667,169,12,
Decatur,"1,759",13,0,5,,0,8,70,17,50,3,0,
Denton Township,"5,358",7,0,2,,0,5,101,17,84,0,0,
Detroit,"669,673","13,705",303,579,,"2,941","9,882","31,630","8,787","13,938","8,905",554,
DeWitt,"4,684",6,0,4,,0,2,21,4,14,3,2,
DeWitt Township,"14,686",19,0,9,,1,9,138,23,110,5,1,
Dryden Township,"4,773",12,0,2,,1,9,32,8,22,2,0,
Durand,"3,317",14,0,3,,1,10,43,8,34,1,0,
East Grand Rapids,"11,436",2,0,0,,0,2,95,14,73,8,0,
East Jordan,"2,376",9,0,2,,0,7,73,12,60,1,0,
East Lansing,"48,451",115,0,43,,24,48,719,124,488,107,11,
Eastpointe,"32,701",266,1,34,,45,186,"1,062",235,602,225,17,
Eaton Rapids,"5,226",15,0,10,,0,5,63,9,53,1,0,
Eau Claire,617,0,0,0,,0,0,8,3,5,0,0,
Ecorse,"9,213",149,1,13,,28,107,343,110,174,59,11,
Elk Rapids,"1,611",0,0,0,,0,0,39,2,37,0,0,
Elkton,774,0,0,0,,0,0,13,1,12,0,0,
Elsie,972,0,0,0,,0,0,1,1,0,0,0,
Emmett Township,"11,604",56,1,9,,6,40,566,75,482,9,1,
Escanaba,"12,278",39,0,7,,5,27,505,39,455,11,1,
Essexville,"3,381",8,0,0,,2,6,29,6,21,2,2,
Evart,"1,853",6,0,3,,0,3,45,6,39,0,0,
Fair Haven Township,"1,051",0,0,0,,0,0,2,1,1,0,0,
Farmington,"10,553",5,0,0,,0,5,117,10,103,4,0,
Farmington Hills,"81,649",77,0,18,,9,50,"1,050",145,834,71,4,
Fennville,"1,401",1,0,1,,0,0,11,0,11,0,0,
Fenton,"11,383",15,0,10,,0,5,225,28,184,13,1,
Ferndale,"20,232",45,1,2,,8,34,562,86,402,74,0,
Flat Rock,"9,917",20,0,5,,4,11,142,16,108,18,0,
Flint,"97,548","1,545",45,96,,249,"1,155","3,323","1,213","1,867",243,63,
Flint Township,"30,460",294,0,25,,63,206,"1,656",374,"1,179",103,5,
Flushing,"8,028",10,0,5,,0,5,78,5,69,4,0,
Flushing Township,"10,235",11,0,3,,1,7,39,9,29,1,0,
Forsyth Township,"6,196",17,1,2,,2,12,81,6,69,6,2,
Fowlerville,"2,898",9,0,7,,1,1,114,10,102,2,0,
Frankenmuth,"5,037",7,0,3,,1,3,74,7,64,3,0,
Frankfort,"1,283",2,0,0,,0,2,44,3,40,1,0,
Franklin,"3,254",2,0,0,,0,2,23,9,14,0,0,
Fraser,"14,667",28,0,5,,8,15,332,47,258,27,1,
Fremont,"4,027",12,0,6,,2,4,116,11,103,2,2,
Fruitport Township,"13,879",25,1,5,,8,11,518,22,484,12,3,
Gaines Township,"6,177",1,0,0,,0,1,25,10,13,2,1,
Galesburg,"2,050",2,0,0,,0,2,22,2,18,2,0,
Galien,529,0,0,0,,0,0,0,0,0,0,0,
Garden City,"26,781",69,0,13,,14,42,491,96,341,54,1,
Garfield Township,811,0,0,0,,0,0,0,0,0,0,0,
Gaylord,"3,662",12,0,5,,1,6,256,8,246,2,2,
Genesee Township,"20,393",70,1,10,,9,50,224,76,112,36,1,
Gerrish Township,"2,922",3,0,1,,0,2,34,8,22,4,1,
Gibraltar,"4,509",3,0,1,,0,2,30,4,26,0,1,
Gladstone,"4,802",5,0,3,,0,2,76,10,65,1,1,
Gladwin,"2,869",10,0,5,,0,5,54,8,42,4,0,
Grand Beach,278,0,0,0,,0,0,5,3,2,0,0,
Grand Blanc,"7,940",11,2,3,,3,3,85,13,71,1,2,
Grand Haven,"11,196",27,0,20,,3,4,212,29,177,6,3,
Grand Ledge,"7,790",15,0,10,,1,4,115,9,103,3,0,
Grand Rapids,"196,538","1,327",10,142,,321,854,"4,334",822,"3,208",304,60,
Grandville,"16,070",32,0,8,,12,12,683,62,611,10,0,
Grant,880,4,0,1,,0,3,23,2,21,0,0,
Grayling,"1,836",11,0,4,,0,7,79,7,72,0,0,
Green Oak Township,"18,722",16,0,6,,1,9,148,16,121,11,1,
Greenville,"8,438",26,0,13,,1,12,233,29,204,0,3,
Grosse Ile Township,"10,123",2,0,0,,0,2,15,3,12,0,1,
Grosse Pointe,"5,198",4,0,1,,1,2,90,8,78,4,0,
Grosse Pointe Farms,"9,188",5,1,1,,2,1,157,14,125,18,0,
Grosse Pointe Park,"11,160",13,0,1,,3,9,215,20,162,33,0,
Grosse Pointe Shores,"2,920",1,0,0,,0,1,28,7,19,2,0,
Grosse Pointe Woods,"15,699",12,0,3,,4,5,224,35,178,11,0,
Hamburg Township,"21,714",14,0,9,,0,5,80,15,54,11,0,
Hampton Township,"9,401",13,0,4,,0,9,139,19,118,2,0,
Hamtramck,"21,929",250,1,11,,106,132,684,236,352,96,13,
Hancock,"4,537",7,0,5,,0,2,33,8,24,1,0,
Harbor Beach,"1,621",2,0,2,,0,0,32,9,21,2,1,
Harbor Springs,"1,203",1,0,0,,0,1,14,1,13,0,0,
Harper Woods,"13,764",125,0,10,,42,73,"1,013",128,774,111,2,
Hart,"2,093",17,0,4,,1,12,185,20,161,4,2,
Hartford,"2,604",4,0,0,,1,3,29,3,20,6,1,
Hastings,"7,274",25,0,11,,0,14,114,7,99,8,0,
Hazel Park,"16,636",55,1,4,,13,37,369,53,243,73,2,
Highland Park,"10,810",188,3,11,,39,135,302,81,137,84,14,
Highland Township,"19,801",16,0,6,,0,10,112,22,76,14,0,
Hillsdale,"8,139",15,0,3,,0,12,55,12,40,3,2,
Holland,"33,867",118,0,41,,14,63,848,128,685,35,4,
Holly,"6,186",14,0,2,,1,11,101,24,75,2,0,
Hopkins,608,0,0,0,,0,0,2,1,1,0,0,
Houghton,"8,020",5,0,5,,0,0,107,2,104,1,0,
Howell,"9,533",22,0,9,,0,13,124,18,105,1,1,
Hudson,"2,229",9,0,3,,0,6,28,0,26,2,1,
Huntington Woods,"6,360",2,0,0,,1,1,43,2,41,0,0,
Huron Township,"15,622",28,0,7,,3,18,198,68,103,27,6,
Imlay City,"3,569",13,0,3,,0,10,59,11,42,6,1,
Independence Township,"36,689",23,0,2,,3,18,188,42,138,8,2,
Inkster,"24,548",324,7,31,,73,213,724,316,322,86,9,
Ionia,"11,370",39,0,21,,0,18,150,32,113,5,1,
Iron River,"2,881",10,0,5,,0,5,84,22,55,7,0,
Ironwood,"4,929",2,0,0,,1,1,66,5,60,1,0,
Ishpeming,"6,485",17,0,9,,0,8,85,8,71,6,0,
Jackson,"33,060",409,4,65,,49,291,"1,504",287,"1,159",58,17,
Jonesville,"2,213",1,0,1,,0,0,67,7,57,3,0,
Kalamazoo,"76,389",925,7,125,,182,611,"3,221",755,"2,228",238,25,
Kalamazoo Township,"24,534",102,1,18,,17,66,630,182,410,38,5,
Kalkaska,"2,042",1,0,0,,0,1,30,1,29,0,0,
Keego Harbor,"3,040",14,0,4,,1,9,33,2,30,1,0,
Kentwood,"51,897",167,1,27,,33,106,"1,469",207,"1,175",87,4,
Kinde,429,0,0,0,,0,0,1,0,1,0,0,
Kingsford,"5,057",7,0,5,,0,2,42,2,39,1,0,
Kinross Township,"7,536",1,0,1,,0,0,13,5,8,0,0,
Laingsburg,"1,276",0,0,0,,0,0,34,5,27,2,1,
Lake Angelus,298,0,0,0,,0,0,0,0,0,0,0,
Lake Linden,985,1,0,1,,0,0,5,0,5,0,0,
Lake Odessa,"2,032",7,0,4,,0,3,10,4,6,0,0,
Lake Orion,"3,065",2,0,1,,0,1,30,2,27,1,7,
Lakeview,"1,011",3,0,2,,0,1,51,4,47,0,0,
Lansing,"115,199","1,341",9,142,,260,930,"3,325",897,"2,053",375,18,
Lansing Township,"8,148",48,1,7,,7,33,310,44,243,23,0,
Lapeer,"8,782",50,0,18,,1,31,322,30,285,7,1,
Lapeer Township,"5,066",1,0,1,,0,0,25,5,20,0,0,
Lathrup Village,"4,147",9,0,0,,1,8,28,8,19,1,0,
Laurium,"1,933",1,1,0,,0,0,19,5,13,1,0,
Lawton,"1,860",5,0,1,,0,4,52,5,44,3,1,
Lennon,499,0,0,0,,0,0,3,0,3,0,1,
Leslie,"1,869",2,0,1,,0,1,17,1,15,1,0,
Lincoln Park,"36,808",268,0,21,,36,211,"1,111",212,777,122,2,
Lincoln Township,"14,500",10,0,2,,0,8,180,25,149,6,0,
Linden,"3,811",0,0,0,,0,0,15,2,13,0,0,
Litchfield,"1,343",1,0,1,,0,0,15,4,11,0,0,
Livonia,"94,226",141,0,18,,28,95,"1,694",295,"1,250",149,4,
Lowell,"3,931",15,0,3,,1,11,75,12,58,5,3,
Ludington,"8,054",35,0,15,,1,19,153,17,130,6,1,
Luna Pier,"1,380",2,0,0,,0,2,23,6,17,0,0,
Lyon Township,"18,917",11,0,2,,1,8,161,23,127,11,0,
Mackinac Island,479,8,0,2,,0,6,126,1,125,0,0,
Mackinaw City,802,0,0,0,,0,0,36,3,32,1,0,
Madison Heights,"30,297",81,0,12,,16,53,639,91,468,80,1,
Madison Township,"8,464",10,0,3,,1,6,107,6,98,3,0,
Mancelona,"1,361",0,0,0,,0,0,23,4,18,1,0,
Manistee,"6,057",21,0,11,,0,10,138,19,116,3,0,
Manistique,"2,960",6,0,4,,0,2,52,11,41,0,1,
Marenisco Township,"1,681",0,0,0,,0,0,1,0,1,0,0,
Marine City,"4,124",14,0,2,,2,10,54,9,40,5,0,
Marlette,"1,787",2,0,1,,0,1,22,3,17,2,0,
Marquette,"21,283",25,1,11,,2,11,310,25,281,4,0,
Marshall,"7,038",14,0,5,,1,8,100,14,85,1,1,
Marysville,"9,722",19,0,1,,4,14,118,10,105,3,0,
Mason,"8,461",10,0,2,,1,7,164,27,133,4,0,
Mattawan,"1,938",5,0,2,,1,2,24,3,19,2,1,
Mayville,914,1,0,0,,0,1,3,1,1,1,1,
Melvindale,"10,348",55,1,1,,10,43,239,42,176,21,0,
Mendon,859,2,0,0,,0,2,11,2,9,0,0,
Menominee,"8,344",31,0,5,,0,26,198,28,162,8,3,
Meridian Township,"42,700",86,0,19,,10,57,926,96,812,18,5,
Metamora Township,"4,241",9,0,3,,0,6,32,6,25,1,0,
Michiana,183,0,0,0,,0,0,3,0,3,0,0,
Midland,"42,263",48,0,17,,5,26,511,77,424,10,0,
Milan,"6,012",11,0,1,,1,9,100,13,77,10,0,
Milford,"16,707",11,0,7,,1,3,85,18,64,3,1,
Montague,"2,362",3,0,1,,0,2,28,3,25,0,0,
Montrose Township,"7,524",7,0,1,,0,6,62,15,46,1,0,
Morenci,"2,181",8,0,1,,1,6,27,8,18,1,0,
Morrice,891,3,0,1,,0,2,15,5,9,1,0,
Mount Morris,"2,941",26,0,2,,4,20,92,23,64,5,2,
Mount Morris Township,"20,502",83,3,14,,13,53,443,151,248,44,6,
Mount Pleasant,"26,069",67,0,24,,3,40,352,48,287,17,11,
Munising,"2,278",4,0,1,,0,3,30,3,27,0,1,
Muskegon,"38,442",273,5,39,,62,167,"1,468",285,"1,094",89,6,
Muskegon Heights,"10,785",198,1,23,,49,125,576,157,360,59,15,
Muskegon Township,"17,791",54,0,15,,4,35,787,89,672,26,1,
Napoleon Township,"6,764",4,1,0,,0,3,61,22,32,7,0,
Nashville,"1,635",19,0,4,,0,15,23,7,14,2,2,
Negaunee,"4,584",9,0,3,,2,4,53,7,43,3,0,
Newaygo,"1,951",12,0,5,,0,7,85,7,77,1,0,
New Baltimore,"12,409",21,0,6,,1,14,96,11,79,6,2,
New Buffalo,"1,875",2,0,0,,0,2,28,4,23,1,3,
New Era,444,0,0,0,,0,0,4,1,3,0,0,
New Lothrop,557,0,0,0,,0,0,6,2,4,0,0,
Niles,"11,282",64,0,20,,12,32,287,65,191,31,4,
Northfield Township,"8,617",13,0,3,,0,10,108,36,66,6,1,
North Muskegon,"3,779",4,0,1,,0,3,63,1,62,0,0,
Northville,"6,019",2,0,0,,0,2,56,7,48,1,2,
Northville Township,"28,890",12,0,6,,0,6,343,25,299,19,1,
Norton Shores,"24,256",45,2,6,,12,25,695,78,602,15,2,
Novi,"59,441",32,0,6,,2,24,661,56,586,19,0,
Oakland Township,"19,659",6,0,2,,0,4,52,14,36,2,0,
Oak Park,"29,838",105,2,18,,30,55,565,97,391,77,4,
Olivet,"1,611",2,0,0,,1,1,13,0,13,0,0,
Ontwa Township-Edwardsburg,"6,481",27,0,6,,1,20,116,37,66,13,1,
Orchard Lake,"2,428",4,0,2,,0,2,26,2,23,1,0,
Orion Township,"35,550",25,1,3,,1,20,220,35,176,9,10,
Oscoda Township,"6,838",22,0,6,,0,16,135,34,100,1,1,
Otisville,818,2,0,2,,0,0,4,0,4,0,0,
Otsego,"3,998",8,0,1,,0,7,63,11,50,2,0,
Ovid,"1,614",1,0,0,,0,1,10,2,8,0,0,
Owendale,230,0,0,0,,0,0,2,0,2,0,0,
Owosso,"14,605",69,1,14,,7,47,317,64,240,13,8,
Oxford,"3,554",3,0,1,,0,2,17,6,7,4,0,
Oxford Township,"18,164",16,0,1,,0,15,107,18,86,3,0,
Paw Paw,"3,441",14,0,3,,0,11,141,5,133,3,1,
Peck,609,1,0,0,,0,1,0,0,0,0,0,
Pentwater,843,3,0,1,,0,2,15,2,13,0,0,
Perry,"2,088",2,0,0,,0,2,14,2,10,2,0,
Petoskey,"5,731",9,0,2,,0,7,55,10,40,5,1,
Pinckney,"2,439",2,0,0,,0,2,15,4,10,1,0,
Pinconning,"1,264",0,0,0,,0,0,8,0,7,1,0,
Pittsfield Township,"38,704",79,0,24,,10,45,620,62,522,36,9,
Plainwell,"3,826",10,0,2,,0,8,69,13,49,7,0,
Pleasant Ridge,"2,562",0,0,0,,0,0,16,4,11,1,0,
Plymouth,"8,865",5,0,2,,2,1,88,12,65,11,0,
Plymouth Township,"26,870",16,0,2,,2,12,280,29,232,19,0,
Pontiac,"60,003",749,15,66,,121,547,"1,425",520,771,134,26,
Portage,"48,550",103,0,31,,15,57,"1,289",149,"1,117",23,5,
Port Austin,638,0,0,0,,0,0,11,0,11,0,0,
Port Huron,"29,182",280,1,48,,24,207,749,201,510,38,14,
Portland,"3,929",4,0,2,,0,2,26,2,22,2,0,
Port Sanilac,600,0,0,0,,0,0,0,0,0,0,0,
Potterville,"2,619",1,0,1,,0,0,7,0,6,1,0,
Prairieville Township,"3,409",0,0,0,,0,0,7,3,4,0,0,
Quincy,"1,638",9,0,2,,2,5,58,23,35,0,0,
Raisin Township,"7,577",0,0,0,,0,0,27,6,21,0,0,
Reading,"1,052",0,0,0,,0,0,7,1,6,0,0,
Redford Township,"47,218",334,1,45,,65,223,"1,384",369,752,263,6,
Reed City,"2,383",5,0,1,,1,3,38,3,34,1,1,
Reese,"1,398",0,0,0,,0,0,9,3,5,1,0,
"Richfield Township, Genesee County","8,315",14,0,6,,1,7,88,37,45,6,0,
"Richfield Township, Roscommon County","3,628",8,0,4,,0,4,35,5,26,4,0,
Richland,793,0,0,0,,0,0,12,0,12,0,0,
"Richland Township, Saginaw County","3,961",2,0,0,,0,2,16,4,11,1,0,
Richmond,"5,882",16,0,2,,0,14,92,15,73,4,1,
River Rouge,"7,480",79,1,12,,15,51,186,55,107,24,6,
Riverview,"12,127",37,0,2,,8,27,192,24,138,30,1,
Rochester,"13,050",8,0,0,,1,7,66,12,53,1,2,
Rochester Hills,"73,913",53,0,8,,8,37,545,63,459,23,0,
Rockford,"6,218",23,0,4,,1,18,94,7,85,2,0,
Rockwood,"3,183",7,0,1,,0,6,35,2,25,8,0,
Rogers City,"2,692",0,0,0,,0,0,50,5,43,2,0,
Romeo,"3,630",1,0,1,,0,0,42,1,40,1,0,
Romulus,"23,315",169,4,28,,25,112,685,120,418,147,4,
Roseville,"47,704",246,0,32,,59,155,"1,829",193,"1,482",154,9,
Rothbury,422,0,0,0,,0,0,11,3,8,0,0,
Royal Oak,"59,367",65,0,14,,8,43,612,86,489,37,4,
Saginaw,"48,942",718,10,56,,62,590,926,369,503,54,26,
Saginaw Township,"39,421",81,0,10,,20,51,916,157,740,19,2,
Saline,"9,158",10,0,0,,0,10,53,8,39,6,1,
Sand Lake,525,0,0,0,,0,0,17,0,17,0,0,
Sandusky,"2,580",7,0,1,,0,6,66,12,52,2,0,
Saugatuck-Douglas,"2,262",11,0,0,,0,11,37,13,23,1,0,
Sault Ste. Marie,"13,763",54,0,24,,3,27,312,41,263,8,1,
Schoolcraft,"1,574",5,0,2,,0,3,30,8,21,1,0,
Scottville,"1,213",1,0,1,,0,0,43,2,41,0,0,
Sebewaing,"1,679",0,0,0,,0,0,5,1,4,0,0,
Shelby Township,"78,427",104,0,34,,3,67,720,87,572,61,2,
Shepherd,"1,505",0,0,0,,0,0,12,1,11,0,0,
Somerset Township,"4,580",1,0,0,,0,1,40,1,38,1,0,
Southfield,"73,438",195,3,44,,52,96,"2,158",353,"1,514",291,6,
Southgate,"29,158",78,1,12,,20,45,864,77,702,85,0,
South Lyon,"11,801",7,0,4,,0,3,50,3,43,4,2,
South Rockwood,"1,635",3,0,1,,0,2,14,3,9,2,0,
Sparta,"4,346",8,0,3,,1,4,116,10,103,3,0,
Spaulding Township,"2,041",2,0,0,,0,2,8,3,5,0,0,
Spring Arbor Township,"8,097",7,0,0,,0,7,30,7,23,0,1,
Springfield Township,"14,467",7,0,3,,0,4,79,18,57,4,1,
Standish,"1,442",0,0,0,,0,0,3,0,3,0,0,
Stanton,"1,414",1,0,1,,0,0,14,2,12,0,0,
St. Charles,"1,940",10,0,1,,1,8,30,3,24,3,3,
St. Clair,"5,368",11,0,1,,1,9,71,23,44,4,1,
St. Clair Shores,"59,938",116,0,28,,13,75,808,139,606,63,4,
Sterling Heights,"132,523",242,1,32,,26,183,"1,513",177,"1,221",115,6,
St. Ignace,"2,376",8,0,2,,0,6,63,7,55,1,1,
St. Johns,"7,916",11,0,9,,0,2,62,4,57,1,0,
St. Joseph,"8,271",18,0,2,,0,16,138,12,122,4,0,
St. Joseph Township,"9,850",10,0,1,,2,7,170,18,146,6,1,
St. Louis,"7,212",12,0,9,,0,3,49,4,44,1,0,
Stockbridge,"1,235",3,0,1,,0,2,21,4,16,1,0,
Sturgis,"10,876",32,1,10,,2,19,264,25,225,14,3,
Sumpter Township,"9,265",7,1,0,,0,6,93,34,49,10,0,
Swartz Creek,"5,531",12,0,3,,0,9,103,10,91,2,1,
Sylvan Lake,"1,798",2,0,0,,0,2,29,5,20,4,0,
Tawas,"4,515",10,0,3,,2,5,104,5,99,0,0,
Taylor,"61,290",372,2,37,,83,250,"1,495",290,"1,042",163,19,
Tecumseh,"8,353",14,0,2,,0,12,78,13,60,5,1,
Thetford Township,"6,696",0,0,0,,0,0,8,3,3,2,1,
Thomas Township,"11,505",14,0,5,,1,8,158,31,123,4,0,
Three Rivers,"7,738",40,0,12,,2,26,307,12,281,14,2,
Tittabawassee Township,"9,782",7,0,3,,0,4,64,9,53,2,0,
Traverse City,"15,330",66,0,19,,4,43,314,45,257,12,1,
Trenton,"18,294",41,0,8,,3,30,153,12,118,23,0,
Troy,"83,743",78,1,12,,16,49,"1,336",94,"1,183",59,1,
Tuscarora Township,"2,946",3,0,0,,0,3,68,2,64,2,0,
Ubly,822,3,0,0,,0,3,11,4,7,0,0,
Unadilla Township,"3,405",6,0,1,,0,5,33,13,19,1,0,
Union City,"1,581",4,0,2,,0,2,61,17,44,0,0,
Utica,"4,980",22,0,2,,3,17,163,9,145,9,1,
Van Buren Township,"28,090",109,0,17,,20,72,657,92,495,70,3,
Vassar,"2,605",11,0,3,,0,8,24,3,21,0,2,
Vernon,753,0,0,0,,0,0,6,0,6,0,2,
Vicksburg,"3,298",13,0,2,,1,10,49,3,45,1,0,
Walker,"24,874",41,0,11,,8,22,657,46,590,21,2,
Walled Lake,"7,132",6,0,2,,0,4,54,7,41,6,1,
Warren,"135,620",691,6,118,,125,442,"3,521",927,"2,082",512,29,
Waterford Township,"73,308",97,1,25,,21,50,793,186,538,69,13,
Watervliet,"1,684",6,0,3,,0,3,17,3,12,2,0,
Wayland,"4,184",10,0,4,,0,6,96,25,68,3,0,
Wayne,"16,989",163,2,17,,32,112,340,86,209,45,6,
West Bloomfield Township,"66,123",45,0,7,,2,36,489,59,414,16,2,
West Branch,"2,054",6,0,3,,0,3,33,5,25,3,0,
Westland,"81,625",298,0,64,,68,166,"1,709",300,"1,249",160,18,
White Cloud,"1,378",8,0,3,,0,5,27,6,21,0,1,
Whitehall,"2,712",7,0,1,,1,5,52,6,46,0,0,
White Lake Township,"31,135",15,0,3,,1,11,319,32,276,11,3,
White Pigeon,"1,513",7,0,3,,1,3,30,6,23,1,0,
Williamston,"3,888",4,0,0,,0,4,18,3,14,1,1,
Wixom,"13,796",22,1,4,,2,15,231,19,183,29,0,
Wolverine Lake,"4,397",3,0,1,,0,2,16,0,16,0,0,
Woodhaven,"12,478",10,1,2,,2,5,259,9,236,14,1,
Woodland Township,"2,065",0,0,0,,0,0,3,1,2,0,0,
Wyandotte,"25,029",49,0,7,,7,35,384,69,284,31,1,
Wyoming,"75,917",352,4,69,,62,217,"1,758",297,"1,273",188,18,
Yale,"1,896",5,0,1,,0,4,26,2,24,0,0,
Ypsilanti,"20,019",151,0,21,,42,88,530,108,384,38,5,
Zeeland,"5,650",15,0,7,,0,8,98,38,59,1,0,
Zilwaukee,"1,562",0,0,0,,0,0,16,2,14,0,0,
1 The figures shown in this column for the offense of rape were reported using the revised Uniform Crime Reporting (UCR) definition of rape. See the data declaration for further explanation.,,,,,,,,,,,,,
2 The figures shown in this column for the offense of rape were reported using the legacy UCR definition of rape. See the data declaration for further explanation.,,,,,,,,,,,,,
